Trait,Chicken (farms),Environment (farms),Food Workers,Symptomatic humans,Retail meat (Chicken or pork),Non-food Workers,,Serovars
AAC(2')-IIa,0,0,2,0,1,0,,1
AAC(3)-Id,1,0,19,0,0,3,,1
AAC(3)-IId,61,13,204,11,18,17,,25
AAC(3)-IIe,0,0,8,0,0,0,,5
AAC(3)-IIg,0,0,0,0,1,0,,1
AAC(3)-IVa,23,6,334,37,119,40,,32
AAC(6')-Iaa,65,17,996,99,270,122,,28
AAC(6')-Ib10,0,0,474,0,104,64,,51
AAC(6')-Ib7,0,0,1,0,0,0,,1
AAC(6')-Ib-cr6,71,14,44,44,18,2,,12
AAC(6')-IIa,0,0,3,0,0,0,,2
AAC(6')-IIc,0,0,0,0,1,0,,1
AAC(6')-Il,0,0,0,0,2,0,,1
AAC(6')-Iy,44,8,685,37,96,79,,61
aadA,2,1,545,49,182,74,,37
aadA16,16,0,249,4,7,29,,35
aadA17,28,8,22,0,1,2,,4
aadA2,8,2,525,45,127,65,,38
aadA22,36,7,43,0,1,5,,10
aadA3,0,0,1,0,0,2,,2
aadA5,22,5,13,1,11,0,,6
aadA7,27,8,62,0,0,8,,3
aadA8b,0,0,2,0,0,1,,1
ANT(2'')-Ia,0,0,14,0,2,1,,2
APH(3')-Ia,91,20,409,35,110,49,,41
APH(3'')-Ib,19,6,674,73,171,71,,51
APH(3')-IIa,12,1,8,1,10,0,,4
APH(4)-Ia,26,8,332,37,118,40,,32
APH(6)-Id,54,13,667,75,171,68,,51
armA,0,1,5,0,7,0,,4
arr-2,28,9,136,0,4,10,,24
arr-3,65,14,527,45,121,65,,51
CARB-3,0,0,0,1,0,0,,1
CARB-58,0,0,79,0,0,8,,3
catA1,0,0,4,1,7,1,,5
catB11,0,0,4,0,0,0,,2
catB3,55,14,275,41,116,35,,31
catII_from_Escherichia_coli_K-12,0,0,107,5,1,10,,16
cmlA1,2,1,520,44,167,71,,33
cmlA4,0,0,0,0,0,0,,1
cmlA5,0,0,39,0,2,1,,11
cmlA6,0,0,1,0,0,0,,1
CMY-2,0,0,1,0,0,0,,1
CMY-59,0,0,33,2,4,4,,9
CTX-M-123,0,1,0,2,1,0,,3
CTX-M-125,0,0,0,2,0,0,,2
CTX-M-130,0,0,1,5,0,0,,3
CTX-M-14,0,0,33,5,8,1,,14
CTX-M-15,0,0,0,0,1,0,,1
CTX-M-199,2,3,0,0,0,0,,1
CTX-M-27,2,0,2,0,1,0,,2
CTX-M-3,0,0,1,0,2,0,,2
CTX-M-55,87,14,124,13,6,7,,22
CTX-M-64,0,0,9,0,0,0,,3
CTX-M-65,8,2,36,2,10,3,,12
CTX-M-9,1,0,27,0,0,3,,1
dfrA1,1,0,95,1,5,11,,8
dfrA12,6,1,542,48,179,75,,35
dfrA14,45,10,282,5,6,30,,35
dfrA17,22,5,18,1,15,0,,10
dfrA27,16,0,260,4,7,29,,35
DHA-1,0,0,11,5,2,0,,6
DHA-15,0,0,1,0,1,0,,1
Erm(42),0,0,4,0,1,1,,4
ErmB,1,0,6,0,2,3,,7
floR,97,21,1200,58,200,140,,59
FosA3,33,8,32,9,12,3,,10
FosA7,17,0,349,9,65,48,,30
LAP-2,16,0,46,0,2,3,,10
linG,67,18,97,1,4,8,,16
MCR-1.1,0,0,22,3,9,0,,8
MCR-9.1,0,0,1,0,2,0,,2
mef(B),0,0,4,2,1,1,,4
mphA,98,20,245,10,25,22,,36
mphE,0,1,11,0,1,2,,7
msrE,0,1,11,0,1,2,,7
NDM-1,0,0,1,1,0,0,,2
NDM-5,0,0,2,0,0,0,,1
NDM-9,6,1,0,0,0,0,,1
oqxA,13,2,321,22,117,39,,26
oqxB,13,2,321,20,113,39,,27
OXA-1,55,14,278,41,124,37,,32
OXA-10,1,0,62,0,2,5,,15
QepA2,0,0,14,1,3,1,,3
QnrA1,0,0,18,0,1,2,,5
QnrA7,0,0,0,0,1,0,,1
QnrB17,16,0,181,4,5,26,,29
QnrB4,0,0,13,5,3,0,,6
QnrB5,1,0,2,0,0,0,,3
QnrD1,0,0,2,0,0,0,,2
QnrS1,61,10,734,22,79,97,,46
QnrS2,0,0,152,3,24,20,,20
rmtB,26,7,7,0,1,2,,4
SAT-2,0,0,1,0,0,0,,1
sul1,87,21,503,53,136,58,,50
sul2,24,6,970,77,245,121,,54
sul3,43,12,659,46,170,84,,48
TEM-1,40,8,766,72,227,78,,44
TEM-116,0,0,1,0,0,0,,1
TEM-135,0,1,1,0,0,0,,2
TEM-150,0,0,141,0,4,29,,14
TEM-181,0,0,0,0,0,1,,1
TEM-238,0,0,2,0,0,0,,2
TEM-240,0,0,4,0,0,0,,1
TEM-30,0,0,1,0,0,0,,1
TEM-34,0,0,1,0,0,0,,1
tet(A),91,18,1028,41,139,130,,63
tet(B),0,0,303,57,193,29,,12
tet(C),0,0,1,0,0,0,,1
tet(D),0,0,16,1,1,3,,7
tet(M),1,0,268,13,77,36,,16
tet(X4),0,0,1,0,0,0,,1
gyrA_83,52,14,248,14,41,28,,32
gyrA_87,56,16,270,62,136,29,,27
AAC(3)-IId_ISCfr1@IS1182@nan,0,0,4,0,0,0,,3
AAC(3)-IId_TEM-1_ISCfr1@IS1182@nan,0,0,110,7,2,8,,8
AAC(3)-IIg_AAC(6')-IIc_IS1247@IS1380@nan,0,0,0,0,1,0,,1
AAC(3)-IVa_APH(3'')-Ib_APH(3')-Ia_APH(4)-Ia_APH(6)-Id_IS1A@IS1@nan_ISEc59@IS6@nan,0,1,1,0,0,0,,2
AAC(3)-IVa_APH(3'')-Ib_APH(3')-Ia_APH(4)-Ia_APH(6)-Id_ISEc59@IS6@nan,1,0,14,0,1,2,,6
AAC(3)-IVa_APH(3'')-Ib_APH(4)-Ia_APH(6)-Id_sul2_tet(A)_ISAba1@IS4@IS10_ISEc59@IS6@nan,4,0,0,0,0,0,,1
AAC(3)-IVa_APH(3')-Ia_APH(4)-Ia_ISEc59@IS6@nan,1,0,22,0,1,2,,2
AAC(3)-IVa_APH(4)-Ia_CTX-M-14_FosA3_floR_sul2_IS1006@IS6@nan_IS26@IS6@nan_ISAba1@IS4@IS10_ISEc59@IS6@nan_ISVsa3@ISCR@nan,0,0,1,0,0,0,,1
AAC(3)-IVa_APH(4)-Ia_floR_sul2_IS1006@IS6@nan_ISAba1@IS4@IS10_ISEc59@IS6@nan_ISVsa3@ISCR@nan,0,0,14,1,3,1,,5
AAC(3)-IVa_APH(4)-Ia_floR_sul2_ISAba1@IS4@IS10_ISEc59@IS6@nan_ISVsa3@ISCR@nan,0,0,1,0,0,1,,2
AAC(3)-IVa_APH(4)-Ia_ISAba1@IS4@IS10_ISEc59@IS6@nan,5,2,66,14,37,4,,8
AAC(3)-IVa_APH(4)-Ia_ISEc59@IS6@nan,4,1,26,4,6,6,,12
AAC(3)-IVa_APH(4)-Ia_sul2_IS1006@IS6@nan_ISAba1@IS4@IS10_ISEc59@IS6@nan,0,0,3,1,0,2,,4
AAC(3)-IVa_APH(4)-Ia_sul2_IS26@IS6@nan_ISAba1@IS4@IS10_ISEc59@IS6@nan,0,0,0,0,1,0,,1
AAC(3)-IVa_APH(4)-Ia_sul2_ISAba1@IS4@IS10_ISEc59@IS6@nan,8,2,172,13,36,22,,11
AAC(3)-IVa_APH(4)-Ia_TEM-240_tet(M)_Tn2@Tn3@nan,0,0,4,0,0,0,,1
AAC(3)-IVa_ISAba1@IS4@IS10_ISEc59@IS6@nan,0,0,0,0,1,0,,1
AAC(3)-IVa_sul2_ISAba1@IS4@IS10_ISEc59@IS6@nan,0,0,1,0,0,0,,1
aadA_cmlA1_sul3_ISSen9@IS1@nan,0,0,1,0,0,0,,1
aadA22_IS1A@IS1@nan,0,0,0,0,0,1,,1
ANT(2'')-Ia_aadA2_IS4321R@IS110@IS1111,0,0,4,0,0,0,,1
APH(3'')-Ib_APH(3')-Ia_APH(6)-Id_IS1A@IS1@nan,0,0,1,0,0,0,,1
APH(3'')-Ib_APH(3')-Ia_APH(6)-Id_IS1R@IS1@nan,0,0,3,0,0,0,,3
APH(3'')-Ib_APH(3')-Ia_APH(6)-Id_tet(A)_IS1R@IS1@nan,0,0,3,1,1,0,,2
APH(3'')-Ib_APH(6)-Id_floR_sul2_ISVsa3@ISCR@nan,0,0,0,1,0,0,,1
APH(3'')-Ib_APH(6)-Id_floR_sul2_tet(A)_IS26@IS6@nan_ISVsa3@ISCR@nan,0,0,1,0,0,0,,1
APH(3'')-Ib_APH(6)-Id_floR_sul2_tet(A)_IS5075@IS110@IS1111_ISVsa3@ISCR@nan,0,0,0,1,0,0,,1
APH(3'')-Ib_APH(6)-Id_floR_sul2_tet(A)_ISVsa3@ISCR@nan,0,0,79,3,4,6,,13
APH(3'')-Ib_APH(6)-Id_IS1133@IS3@IS3,1,0,6,0,0,1,,2
APH(3'')-Ib_APH(6)-Id_IS1A@IS1@nan_IS903B@IS5@IS903,0,0,5,0,0,1,,1
APH(3'')-Ib_APH(6)-Id_IS903B@IS5@IS903,1,0,51,4,0,6,,4
APH(3'')-Ib_APH(6)-Id_QnrS1_tet(A)_IS26@IS6@nan_IS903B@IS5@IS903_ISKpn19@ISKra4@ISAzba1,0,0,0,0,0,1,,1
APH(3'')-Ib_APH(6)-Id_sul2_IS1S@IS1@nan,0,0,1,0,0,0,,1
APH(3'')-Ib_APH(6)-Id_sul2_IS26@IS6@nan,0,0,5,3,4,2,,2
APH(3'')-Ib_APH(6)-Id_sul2_IS5075@IS110@IS1111,0,0,1,0,0,0,,1
APH(3'')-Ib_APH(6)-Id_sul2_tet(A)_IS26@IS6@nan,0,0,38,3,3,6,,3
APH(3'')-Ib_APH(6)-Id_TEM-1_IS1133@IS3@IS3,0,0,1,4,0,0,,2
APH(3'')-Ib_APH(6)-Id_TEM-1_sul2_IS26@IS6@nan_Tn2@Tn3@nan,0,0,3,1,0,2,,1
APH(3'')-Ib_APH(6)-Id_TEM-1_sul2_IS4321R@IS110@IS1111,0,0,1,0,0,0,,1
APH(3'')-Ib_APH(6)-Id_TEM-1_sul2_IS5075@IS110@IS1111,2,1,8,0,0,0,,4
APH(3'')-Ib_APH(6)-Id_TEM-1_sul2_ISKpn19@ISKra4@ISAzba1,0,0,1,0,0,0,,1
APH(3'')-Ib_APH(6)-Id_TEM-1_sul3_IS26@IS6@nan_IS903B@IS5@IS903,0,0,1,0,0,0,,1
APH(3'')-Ib_APH(6)-Id_TEM-135_IS1133@IS3@IS3_Tn2@Tn3@nan,0,0,1,0,0,0,,1
APH(3'')-Ib_APH(6)-Id_TEM-150_floR_sul2_tet(A)_ISVsa3@ISCR@nan,0,0,2,0,0,0,,2
APH(3'')-Ib_APH(6)-Id_tet(A)_IS1133@IS3@IS3,0,0,7,0,0,0,,2
APH(3'')-Ib_APH(6)-Id_tet(A)_IS1133@IS3@IS3_IS26@IS6@nan,0,0,7,0,0,3,,1
APH(3'')-Ib_sul2_ISAba1@IS4@IS10,0,0,1,0,0,0,,1
APH(3')-IIa_IS1294@IS91@nan,0,0,4,0,3,0,,2
APH(3')-IIa_IS1294@IS91@nan_IS26@IS6@nan,0,0,1,0,0,0,,1
APH(4)-Ia_ISEc59@IS6@nan,3,2,0,0,0,0,,1
APH(4)-Ia_sul2_IS1006@IS6@nan_ISAba1@IS4@IS10_ISEc59@IS6@nan,0,0,0,0,1,0,,1
APH(4)-Ia_sul2_ISAba1@IS4@IS10_ISEc59@IS6@nan,0,0,1,0,1,0,,2
APH(6)-Id_floR_tet(A)_ISVsa3@ISCR@nan,1,0,0,0,0,0,,1
armA_ISEc28@IS5@IS903,0,0,1,0,5,0,,2
armA_ISEc28@IS5@IS903_ISEc29@IS4@IS10,0,0,1,0,0,0,,1
armA_mphE_msrE_ISEc28@IS5@IS903_ISEc29@IS4@IS10,0,0,2,0,0,0,,2
armA_msrE_ISEc28@IS5@IS903_ISEc29@IS4@IS10,0,0,1,0,0,0,,1
CMY-59_IS1294@IS91@nan,0,0,0,0,1,0,,1
CMY-59_ISEc9@IS1380@nan,0,0,27,1,3,4,,8
CTX-M-123_IS1X2@IS1@nan,0,1,0,0,0,0,,1
CTX-M-123_ISEc9@IS1380@nan,0,0,0,1,0,0,,1
CTX-M-125_IS903B@IS5@IS903_ISEc9@IS1380@nan,0,0,0,1,0,0,,1
CTX-M-125_ISEc9@IS1380@nan,0,0,0,1,0,0,,1
CTX-M-130_IS1294@IS91@nan_IS903B@IS5@IS903,0,0,0,1,0,0,,1
CTX-M-130_IS1A@IS1@nan_IS903B@IS5@IS903,0,0,0,3,0,0,,1
CTX-M-130_IS903B@IS5@IS903,0,0,1,1,0,0,,1
CTX-M-14_FosA3_IS10R@IS4@IS10,0,0,0,0,1,0,,1
CTX-M-14_IS903B@IS5@IS903,0,0,3,1,2,0,,6
CTX-M-14_ISEc9@IS1380@nan,0,0,14,0,2,0,,5
CTX-M-14_oqxA_oqxB_IS903B@IS5@IS903_ISEc9@IS1380@nan,0,0,0,1,0,0,,1
CTX-M-27_IS903B@IS5@IS903,2,0,2,0,1,0,,2
CTX-M-3_TEM-1_ISEc9@IS1380@nan,0,0,1,0,2,0,,2
CTX-M-55_IS903B@IS5@IS903,0,0,3,0,0,0,,1
CTX-M-55_ISEc9@IS1380@nan,15,4,28,5,1,0,,10
CTX-M-55_LAP-2_TEM-1_IS903B@IS5@IS903,0,0,2,0,0,0,,1
CTX-M-55_LAP-2_TEM-1_ISEc9@IS1380@nan,16,0,26,0,0,2,,4
CTX-M-55_QnrS1_ISEc9@IS1380@nan_ISKpn19@ISKra4@ISAzba1,0,0,2,0,0,0,,2
CTX-M-55_QnrS1_ISKpn19@ISKra4@ISAzba1,35,6,0,0,1,0,,2
CTX-M-55_QnrS1_TEM-1_ISEc9@IS1380@nan_ISKpn19@ISKra4@ISAzba1,0,0,2,0,0,0,,2
CTX-M-64_ISEc9@IS1380@nan_ISKpn26@IS5@IS5,0,0,2,0,0,0,,2
CTX-M-65_IS903B@IS5@IS903,8,2,31,2,10,3,,10
CTX-M-65_tet(A)_IS903B@IS5@IS903,0,0,1,0,0,0,,1
CTX-M-9_ISEc9@IS1380@nan,1,0,24,0,0,3,,1
dfrA12_oqxA_oqxB_IS26@IS6@nan,0,0,1,0,0,0,,1
dfrA12_tet(A)_IS26@IS6@nan,0,0,1,0,0,0,,1
dfrA14_IS26@IS6@nan,0,0,6,0,0,2,,2
DHA-1_QnrB4_sul1_ISAs29@IS21@nan,0,0,2,0,0,0,,2
Erm(42)_ISPa13@IS4@ISH8,0,0,0,0,0,1,,1
Erm(42)_sul2_ISVsa3@ISCR@nan,0,0,0,0,1,0,,1
floR_IS1006@IS6@nan,1,0,54,5,11,2,,9
floR_IS1006@IS6@nan_IS5075@IS110@IS1111,0,1,31,0,2,4,,5
floR_IS1006@IS6@nan_IS5075@IS110@IS1111_ISKpn26@IS5@IS5,0,0,4,0,0,0,,3
floR_IS1006@IS6@nan_IS6100@IS6@nan,0,0,1,0,0,0,,1
floR_IS1006@IS6@nan_ISVsa3@ISCR@nan,0,0,1,0,0,0,,1
floR_IS26@IS6@nan_ISVsa3@ISCR@nan,0,0,1,0,0,0,,1
floR_ISEc57@IS21@nan,0,0,1,1,0,0,,1
floR_ISVsa3@ISCR@nan,58,13,213,5,4,25,,29
floR_sul2_IS1006@IS6@nan_ISAba1@IS4@IS10_ISVsa3@ISCR@nan,0,0,5,1,6,1,,5
floR_sul2_IS1006@IS6@nan_ISVsa3@ISCR@nan,0,0,1,0,0,0,,1
floR_sul2_IS5075@IS110@IS1111_ISVsa3@ISCR@nan,0,0,1,0,0,0,,1
floR_sul2_ISAba1@IS4@IS10_ISVsa3@ISCR@nan,0,0,7,0,0,0,,1
floR_sul2_ISVsa3@ISCR@nan,0,0,2,0,0,0,,1
floR_tet(A)_ISKpn19@ISKra4@ISAzba1_ISVsa3@ISCR@nan,0,0,1,0,0,0,,1
floR_tet(A)_ISVsa3@ISCR@nan,16,1,41,0,1,5,,10
FosA3_TEM-1_rmtB_IS1294@IS91@nan,6,1,0,0,0,0,,1
LAP-2_QnrS1_TEM-1_ISKpn19@ISKra4@ISAzba1_ISKpn60@IS110@nan,0,0,1,0,2,0,,1
MCR-1.1_IS1A@IS1@nan,0,0,1,0,0,0,,1
MCR-1.1_ISApl1@IS30@nan,0,0,4,0,2,0,,3
mphA_IS6100@IS6@nan,0,0,2,0,0,0,,12
mphE_msrE_ISSpu10@IS5@IS427,0,0,7,0,0,0,,2
oqxA_oqxB_IS1A@IS1@nan_IS1X4@IS1@nan_ISSen4@IS3@IS407_Tn5403@Tn3@nan,0,0,1,0,0,1,,2
oqxA_oqxB_IS1X4@IS1@nan_ISSen4@IS3@IS407_Tn5403@Tn3@nan,0,0,5,0,0,0,,1
QnrS1_floR_tet(A)_ISKpn19@ISKra4@ISAzba1_ISVsa3@ISCR@nan,0,0,11,0,0,0,,3
QnrS1_ISKpn19@ISKra4@ISAzba1,25,4,220,7,13,26,,27
QnrS1_TEM-1_Tn2@Tn3@nan,0,0,3,0,0,0,,1
QnrS1_TEM-150_ISKpn19@ISKra4@ISAzba1,0,0,27,0,0,4,,1
QnrS1_TEM-150_ISKpn19@ISKra4@ISAzba1_Tn3@Tn3@nan,0,0,9,0,0,2,,1
QnrS1_TEM-150_tet(A)_ISKpn19@ISKra4@ISAzba1,0,0,15,0,0,1,,1
QnrS1_TEM-150_Tn3@Tn3@nan,0,0,0,0,0,1,,1
QnrS1_tet(A)_IS1X3@IS1@nan_IS903B@IS5@IS903_ISKpn19@ISKra4@ISAzba1,0,0,1,0,0,0,,1
QnrS1_tet(A)_IS26@IS6@nan_ISKpn19@ISKra4@ISAzba1,0,0,1,0,0,0,,1
QnrS1_tet(A)_IS903B@IS5@IS903_ISKpn19@ISKra4@ISAzba1,0,0,0,0,2,0,,1
QnrS1_tet(A)_ISKpn19@ISKra4@ISAzba1,1,0,79,3,0,8,,15
sul1_IS15DIV@IS6@nan,0,0,0,1,0,0,,1
sul2_IS1006@IS6@nan,0,0,2,0,0,0,,2
sul2_IS1006@IS6@nan_ISAba1@IS4@IS10,0,0,2,0,3,3,,5
sul2_IS5075@IS110@IS1111,0,0,2,0,0,0,,1
sul2_ISAba1@IS4@IS10,3,2,226,10,44,34,,18
sul2_ISVsa3@ISCR@nan,0,0,3,0,0,1,,2
sul3_IS1R@IS1@nan,0,0,28,0,0,2,,3
sul3_ISKpn26@IS5@IS5,0,0,2,0,0,0,,1
TEM-1_floR_ISVsa3@ISCR@nan,0,0,2,0,0,1,,1
TEM-1_IS1294@IS91@nan,0,0,2,0,0,0,,1
TEM-1_IS1S@IS1@nan_ISRor7@Tn3@nan,0,0,5,0,3,1,,2
TEM-1_ISCfr1@IS1182@nan,0,0,3,0,0,1,,1
TEM-1_ISRor7@Tn3@nan,0,0,2,0,3,0,,1
TEM-1_tet(A)_IS26@IS6@nan,0,0,1,0,0,0,,1
TEM-1_tet(A)_IS6100@IS6@nan,0,0,0,1,0,0,,1
TEM-1_tet(B)_IS10L@IS4@IS10_IS1R@IS1@nan,0,0,1,0,2,0,,1
TEM-1_tet(D)_Tn2@Tn3@nan,0,0,4,0,0,0,,3
TEM-1_Tn2@Tn3@nan,3,2,17,7,7,5,,4
TEM-150_floR_ISKpn19@ISKra4@ISAzba1_ISVsa3@ISCR@nan,0,0,1,0,0,0,,1
TEM-150_floR_ISVsa3@ISCR@nan,0,0,26,0,1,8,,3
TEM-150_IS1X2@IS1@nan_ISRor7@Tn3@nan,0,0,1,0,0,0,,1
tet(A)_IS26@IS6@nan,0,0,6,0,0,1,,3
tet(A)_IS4321R@IS110@IS1111,0,0,0,1,0,0,,1
tet(A)_ISKpn19@ISKra4@ISAzba1,0,0,4,0,0,0,,2
tet(B)_IS10L@IS4@IS10,0,0,125,17,37,13,,2
tet(B)_IS10L@IS4@IS10_IS1A@IS1@nan,0,0,2,0,0,0,,1
tet(B)_IS10L@IS4@IS10_IS1R@IS1@nan,0,0,100,18,65,5,,3
tet(B)_IS10L@IS4@IS10_IS1R@IS1@nan_ISSty2@IS3@IS3,0,0,9,1,2,1,,2
tet(B)_IS10L@IS4@IS10_ISKpn74@IS5@IS903,0,0,3,0,0,0,,2
tet(B)_IS1A@IS1@nan,0,0,0,0,0,1,,1
tet(B)_IS1R@IS1@nan,0,0,26,10,18,4,,3
tet(B)_IS1R@IS1@nan_ISSty2@IS3@IS3,0,0,0,0,1,1,,2
tet(B)_ISKpn74@IS5@IS903,0,0,1,0,0,0,,1
tet(M)_IS1X2@IS1@nan,0,0,2,0,0,1,,2
tet(M)_ISKpn26@IS5@IS5,0,0,7,3,2,0,,6
AAC(3)-Id_aadA7_sul1_IS26@IS6@nan_IS6100@IS6@nan,0,0,9,0,0,3,,1
AAC(3)-Id_aadA7_sul1_IS6100@IS6@nan,0,0,8,0,0,0,,1
AAC(3)-IVa_APH(3'')-Ib_APH(4)-Ia_APH(6)-Id_sul2_ISAba1@IS4@IS10_ISEc59@IS6@nan,0,0,1,0,0,0,,1
AAC(6')-Ib-cr6_aadA16_arr-3_dfrA27_sul1_IS6100@IS6@nan,0,0,9,0,0,1,,1
AAC(6')-Ib-cr6_OXA-1_armA_arr-3_catB3_mphE_msrE_sul1_ISEc28@IS5@IS903_ISEc29@IS4@IS10,0,1,0,0,1,0,,1
AAC(6')-Ib-cr6_OXA-1_arr-3_catB3_sul1_IS6100@IS6@nan,0,0,0,1,0,0,,1
AAC(6')-Ib-cr6_QnrB17_aadA16_arr-3_dfrA27_mphA_sul1_IS6100@IS6@nan,0,0,0,4,0,0,,1
AAC(6')-Ib-cr6_QnrB17_aadA16_arr-3_dfrA27_sul1_IS6100@IS6@nan,15,0,13,0,1,0,,3
AAC(6')-Ib10_aadA16_arr-3_dfrA27_floR_sul1_tet(A)_ISVsa3@ISCR@nan,0,0,1,0,0,0,,1
AAC(6')-Ib10_aadA16_arr-3_dfrA27_mphA_sul1_IS6100@IS6@nan,0,0,19,0,0,1,,3
AAC(6')-Ib10_aadA16_arr-3_dfrA27_sul1_IS6100@IS6@nan,0,0,7,0,1,0,,6
AAC(6')-Ib10_aadA16_arr-3_dfrA27_sul1_tet(A)_IS26@IS6@nan,0,0,1,0,0,0,,1
AAC(6')-Ib10_OXA-1_arr-3_catB3_sul1_IS6100@IS6@nan,0,0,2,0,0,0,,2
AAC(6')-Ib10_OXA-1_QnrA1_arr-3_catB3_sul1_IS6100@IS6@nan,0,0,7,0,0,1,,3
AAC(6')-Ib10_OXA-1_QnrA1_arr-3_catB3_sul1_ISAs29@IS21@nan,0,0,1,0,0,0,,1
AAC(6')-Ib10_QnrB17_aadA16_arr-3_dfrA27_floR_sul1_tet(A)_IS26@IS6@nan_IS6100@IS6@nan_ISVsa3@ISCR@nan,0,0,1,0,0,0,,1
AAC(6')-Ib10_QnrB17_aadA16_arr-3_dfrA27_floR_sul1_tet(A)_ISVsa3@ISCR@nan,0,0,1,0,0,0,,1
AAC(6')-Ib10_QnrB17_aadA16_arr-3_dfrA27_mphA_sul1_IS1R@IS1@nan_IS6100@IS6@nan,0,0,1,0,0,0,,1
AAC(6')-Ib10_QnrB17_aadA16_arr-3_dfrA27_mphA_sul1_IS6100@IS6@nan,0,0,78,0,0,5,,9
AAC(6')-Ib10_QnrB17_aadA16_arr-3_dfrA27_sul1_IS6100@IS6@nan,0,0,9,0,3,1,,6
AAC(6')-Ib10_QnrB17_arr-3_dfrA27_mphA_sul1_IS6100@IS6@nan,0,0,1,0,0,0,,1
aadA_sul1_IS1326@IS21@nan_IS1353@IS3@IS150,0,0,0,1,0,0,,1
aadA16_arr-3_dfrA27_mphA_sul1_IS6100@IS6@nan,0,0,8,0,0,0,,2
aadA16_arr-3_dfrA27_sul1_IS6100@IS6@nan,0,0,2,0,0,0,,1
aadA2_dfrA12_mphA_sul1_IS6100@IS6@nan,0,0,1,0,0,0,,1
aadA2_sul1_IS1326@IS21@nan,0,0,0,0,1,0,,1
aadA5_armA_dfrA17_sul1_ISEc28@IS5@IS903,0,0,0,0,1,0,,1
aadA5_dfrA17_mphA_sul1_IS6100@IS6@nan,0,0,2,0,0,0,,1
aadA7_sul1_IS6100@IS6@nan,26,7,36,0,0,5,,4
aadA7_sul1_IS6100@IS6@nan_ISVch4@IS3@IS3,0,0,2,0,0,0,,1
ANT(2'')-Ia_aadA2_sul1_IS4321R@IS110@IS1111,0,0,3,0,0,0,,1
arr-3_catB3_sul1_IS26@IS6@nan,0,0,0,1,0,0,,1
dfrA1_floR_sul1_tet(A)_IS6100@IS6@nan_ISVsa3@ISCR@nan,0,0,2,0,0,0,,1
mphA_IS26@IS6@nan_IS6100@IS6@nan_ISKpn60@IS110@nan,0,0,0,1,0,0,,1
mphA_IS5075@IS110@IS1111_IS6100@IS6@nan,0,0,1,0,0,0,,1
mphA_ISKpn19@ISKra4@ISAzba1,0,0,1,0,0,0,,1
mphA_mphE_msrE_ISSpu10@IS5@IS427,0,0,0,0,0,2,,1
mphA_mphE_msrE_sul1_IS6100@IS6@nan_ISSpu10@IS5@IS427,0,0,1,0,0,0,,1
mphA_sul1_IS6100@IS6@nan,0,0,1,0,0,1,,2
NDM-5_IS5@IS5@IS5,0,0,2,0,0,0,,1
OXA-1_aadA_sul1_IS1326@IS21@nan_IS1353@IS3@IS150,0,0,0,0,1,1,,1
QepA2_aadA2_dfrA12_mphA_sul1_IS6100@IS6@nan,0,0,9,0,2,1,,1
QepA2_QnrS1_aadA2_dfrA12_mphA_sul1_IS6100@IS6@nan_ISKpn19@ISKra4@ISAzba1,0,0,1,0,0,0,,1
QnrA7_aadA16_sul1_IS6100@IS6@nan,0,0,0,0,1,0,,1
QnrB17_aadA16_mphA_sul1_IS6100@IS6@nan,0,0,2,0,0,0,,2
QnrB17_mphA_sul1_IS6100@IS6@nan,0,0,9,0,0,1,,2
QnrB17_sul1_IS6100@IS6@nan,0,0,2,0,0,0,,1
QnrS1_mphA_ISKpn19@ISKra4@ISAzba1,0,0,1,1,0,0,,2
sul1_IS1326@IS21@nan,0,0,1,0,0,0,,1
sul1_IS6100@IS6@nan,0,0,1,0,0,0,,1
tet(B)_IS10L@IS4@IS10_IS1B@IS1@nan,0,0,1,0,0,0,,1
-,22,11,15,53,10,6,,18
Col(VCM04),0,0,0,8,0,2,,3
Col3M,0,0,0,2,0,0,,2
"ColRNAI_rep_cluster_1857,rep_cluster_2350,rep_cluster_2370",0,0,0,0,1,0,,1
ColRNAI_rep_cluster_1987,0,0,0,1,0,0,,1
"ColRNAI_rep_cluster_1987,rep_cluster_2335",0,0,0,1,0,0,,1
"ColRNAI_rep_cluster_1987,rep_cluster_2335,rep_cluster_2335",0,0,0,1,0,0,,1
"ColRNAI_rep_cluster_1987,rep_cluster_2358",0,0,0,0,0,1,,1
"ColRNAI_rep_cluster_1987,rep_cluster_2358,rep_cluster_2335,rep_cluster_2373",0,0,0,1,0,0,,1
IncA,0,0,2,7,1,0,,3
IncC,0,0,0,38,0,5,,8
IncFIA,0,0,0,23,12,6,,5
"IncFIA,IncFIA,IncFIC,IncFIB,IncFII",0,0,0,0,1,0,,1
"IncFIA,IncFIB",0,0,0,52,1,7,,3
"IncFIA,IncFIB,IncFII",0,0,0,4,1,0,,2
"IncFIA,IncFIB,IncFII,IncQ1",0,0,0,2,2,0,,2
"IncFIA,IncFIB,IncQ1",0,0,0,1,2,0,,2
"IncFIA,IncFIC",0,0,0,1,2,0,,1
"IncFIA,IncFIC,IncFIA,IncFIC,IncFIB,IncFII,IncQ1",0,0,0,0,1,0,,1
"IncFIA,IncFIC,IncFIB",0,0,0,0,1,0,,1
"IncFIA,IncFIC,IncFIB,IncFII",0,0,0,1,1,0,,2
"IncFIA,IncFIC,IncFIB,IncFII,IncQ1",0,0,0,1,0,1,,1
"IncFIA,IncFIC,IncFIB,IncQ1",0,0,0,0,3,0,,2
"IncFIA,IncFIC,IncFII",0,0,0,1,0,1,,2
"IncFIA,IncFIC,IncQ1",0,0,0,0,1,0,,1
"IncFIA,IncFII",0,0,0,1,0,0,,1
"IncFIA,IncQ1",0,0,0,1,2,0,,2
"IncFIA,IncR",0,0,0,23,3,0,,1
"IncFIA,IncR,IncQ1",0,0,0,0,1,0,,1
IncFIB,0,0,0,128,6,12,,14
"IncFIB,IncFII",0,0,0,1,6,1,,2
"IncFIB,IncFII,IncHI2A,rep_cluster_1088",0,0,0,2,0,0,,1
"IncFIB,IncFII,IncX1",0,0,2,6,0,4,,2
"IncFIB,IncI-gamma/K1",0,0,0,3,0,0,,2
"IncFIB,IncY",0,0,0,1,0,0,,1
"IncFIB,rep_cluster_1804",0,0,0,1,1,0,,1
"IncFIC,IncFII",0,0,0,1,0,0,,1
IncFII,0,0,0,0,1,0,,1
"IncFII,IncQ1",0,0,0,1,0,0,,1
IncHI1A,0,0,0,3,4,1,,2
IncHI1B,2,0,0,18,9,1,,10
"IncHI1B,IncQ1",0,0,0,1,0,0,,1
"IncHI1B,rep_cluster_2358",0,0,0,1,0,0,,1
"IncHI2A,IncI-gamma/K1,rep_cluster_1088",0,0,0,1,0,0,,1
"IncHI2A,IncQ1",0,0,0,2,0,0,,2
"IncHI2A,IncQ1,rep_cluster_1088",0,0,0,9,8,1,,4
"IncHI2A,rep_cluster_1088",0,0,1,176,52,27,,30
"IncHI2A,rep_cluster_1088,IncI-gamma/K1",0,0,0,1,0,0,,1
"IncHI2A,rep_cluster_1088,IncI-gamma/K1,IncN,IncQ1",0,0,0,1,0,0,,1
"IncHI2A,rep_cluster_1088,IncN",0,0,0,10,1,0,,5
"IncHI2A,rep_cluster_1088,IncN,IncQ1",0,0,0,3,0,2,,3
"IncHI2A,rep_cluster_1088,IncQ1",0,0,0,56,52,2,,6
"IncHI2A,rep_cluster_1088,IncY",0,0,0,0,1,0,,1
"IncHI2A,rep_cluster_1088,rep_cluster_2335",0,0,0,8,0,0,,1
"IncHI2A,rep_cluster_2318",0,0,0,0,0,1,,1
IncI-gamma/K1,2,1,5,25,12,7,,11
"IncI-gamma/K1,IncX1",0,0,0,2,0,0,,1
IncI1/B/O,0,0,2,1,0,0,,2
IncI2,0,0,0,0,2,0,,1
IncK2/Z,0,0,0,2,0,0,,2
IncL/M,0,0,0,0,2,0,,1
IncN,0,0,0,61,0,11,,16
"IncN,rep_cluster_1254",0,0,0,0,0,1,,1
"IncN,rep_cluster_2335",0,0,0,6,0,1,,1
"IncN,rep_cluster_2335,rep_cluster_2358",0,0,0,1,0,0,,1
IncP,0,0,0,1,0,0,,1
IncQ1,0,0,15,169,70,19,,16
"IncQ1,IncQ1",0,0,0,7,1,0,,5
"IncQ1,IncQ1,rep_cluster_2335",0,0,0,2,0,0,,2
"IncQ1,IncQ1,rep_cluster_2335,rep_cluster_2358",0,0,0,2,0,0,,1
"IncQ1,rep_cluster_1088",0,0,0,0,1,0,,1
"IncQ1,rep_cluster_2335",0,0,0,11,0,2,,3
"IncQ1,rep_cluster_2335,rep_cluster_2358",0,0,0,6,0,2,,1
"IncQ1,rep_cluster_2335,rep_cluster_2358,rep_cluster_2358,rep_cluster_2373",0,0,0,0,0,1,,1
"IncQ1,rep_cluster_2358",0,0,0,0,0,1,,1
"IncQ1,rep_cluster_2358,rep_cluster_2373",0,0,0,5,0,0,,1
IncQ2,0,0,0,2,0,1,,3
IncR,0,0,1,28,0,1,,7
IncX1,1,0,3,78,9,6,,12
"IncX1,IncX1,IncX3",1,0,0,0,0,0,,1
"IncX1,IncX3",2,2,0,1,4,0,,3
IncX2,0,0,0,6,0,0,,5
IncX4,0,0,0,3,2,0,,4
IncY,0,0,0,4,1,1,,3
rep_cluster_1088,0,0,0,6,1,0,,4
rep_cluster_1254,0,1,0,8,0,1,,7
rep_cluster_2318,0,0,0,3,0,0,,1
rep_cluster_2335,0,0,0,54,1,9,,13
"rep_cluster_2335,rep_cluster_2335",0,0,0,17,0,5,,4
"rep_cluster_2335,rep_cluster_2335,rep_cluster_2358",0,0,0,1,0,0,,1
"rep_cluster_2335,rep_cluster_2358",1,0,0,13,0,4,,4
"rep_cluster_2335,rep_cluster_2373",0,0,0,10,0,4,,5
rep_cluster_2350,0,0,0,3,1,0,,4
rep_cluster_2358,0,0,0,6,0,2,,5
"rep_cluster_2358,rep_cluster_2373",0,0,0,8,0,0,,1
rep_cluster_2373,0,0,0,3,0,4,,2
rep_cluster_2401,1,0,0,0,0,0,,1
rep_cluster_312,0,0,0,1,0,1,,2
rep_cluster_1254; non-mobilizable,0,0,0,1,0,0,,1
Col(MGD2),0,0,0,1,0,0,,1